report_date,ndx_wdi,ndx_wdi_raw,correction_points,correction_method,correction_ratio_median,coverage_ratio,qqq_equity_count,spgm_equity_count,matched_count,estimated_count,excluded_qqq_count,excluded_non_comparable_count,qqq_matched_weight,spgm_matched_weight,rebalance_type,qqq_accession,spgm_accession,qqq_filed_date,spgm_filed_date
2019-09-30,15.013414501,14.6990233116,0.314391189366,median_observed_overweight_ratio,1.41110702654,0.851159918896,103,433,53,49,50,1,0.848988972287,0.171355053061,quarterly_rebalance,0001752724-19-184787,0001752724-19-166378,2019-11-29,2019-11-18
2019-12-31,14.3882977804,12.3979249528,1.99037282756,median_observed_overweight_ratio,1.53702540513,0.840304506384,103,415,53,49,50,1,0.838026955802,0.176477638578,annual_reconstitution,0001752724-20-043463,0001752724-20-042730,2020-02-28,2020-02-28
2020-03-31,14.5518007069,11.9439345854,2.60786612146,median_observed_overweight_ratio,1.54215881425,0.851197203004,103,446,53,49,50,1,0.848746317414,0.200835957252,quarterly_rebalance,0001752724-20-112621,0001752724-20-111697,2020-06-01,2020-06-01
2020-06-30,15.3337483774,12.2661240847,3.0676242927,median_observed_overweight_ratio,1.67221482944,0.851035802508,103,517,55,47,48,1,0.848385735673,0.222985176218,quarterly_rebalance,0001752724-20-174500,0001752724-20-177382,2020-08-26,2020-08-27
2020-09-30,15.3900933933,12.9940944856,2.39599890772,median_observed_overweight_ratio,1.60633262158,0.862963039442,103,513,56,46,47,1,0.860665500754,0.23070403833,quarterly_rebalance,0001752724-20-251748,0001752724-20-236146,2020-11-30,2020-11-19
2020-12-31,16.1585676482,12.8169897856,3.34157786258,median_observed_overweight_ratio,1.63378423957,0.843268644333,102,523,56,45,46,1,0.840693930735,0.217728435395,annual_reconstitution,0001752724-21-043706,0001752724-21-043797,2021-02-26,2021-02-26
2021-03-31,14.6378597564,12.1059405104,2.53191924597,median_observed_overweight_ratio,1.45650311481,0.846394872898,102,530,56,45,46,1,0.843029135371,0.207643224588,quarterly_rebalance,0001752724-21-113764,0001752724-21-118968,2021-05-27,2021-05-28
2021-06-30,14.9991209352,12.1895911618,2.80952977343,median_observed_overweight_ratio,1.52479830297,0.849388779641,102,588,56,45,46,1,0.845842429109,0.219457871562,quarterly_rebalance,0001752724-21-190995,0001752724-21-189807,2021-08-27,2021-08-27
2021-09-30,15.0515176151,12.4285143568,2.62300325832,median_observed_overweight_ratio,1.52029373702,0.852697908287,102,601,57,44,45,1,0.848873600265,0.228161424662,quarterly_rebalance,0001752724-21-250330,0001752724-21-258698,2021-11-23,2021-11-26
2021-12-31,15.5032667828,12.5698357573,2.93343102556,median_observed_overweight_ratio,1.57793691955,0.848729031002,101,771,58,42,43,1,0.845095444566,0.241650335816,annual_reconstitution,0001752724-22-046874,0001752724-22-048780,2022-02-25,2022-02-25
2022-03-31,16.6704521725,14.1065191266,2.5639330459,median_observed_overweight_ratio,2.36641060123,0.9189076046,102,1002,74,26,28,2,0.912713172957,0.23056007757,quarterly_rebalance,0001752724-22-116978,0001752724-22-127638,2022-05-24,2022-05-27
2022-06-30,17.3097939879,14.2656867594,3.04410722854,median_observed_overweight_ratio,2.45274873801,0.911348519922,102,1025,74,25,28,3,0.903329020099,0.212064691295,quarterly_rebalance,0001752724-22-184608,0001752724-22-197044,2022-08-22,2022-08-26
2022-09-30,17.7043541087,14.3995257584,3.30482835023,median_observed_overweight_ratio,2.48716784264,0.907593852489,102,1036,74,25,28,3,0.900684073402,0.222173278308,quarterly_rebalance,0001752724-22-266948,0001752724-22-271210,2022-11-25,2022-11-28
2022-12-31,16.2102390874,13.8347131159,2.37552597158,median_observed_overweight_ratio,2.02025102053,0.904622539109,101,982,73,26,28,2,0.89833339788,0.198333771164,annual_reconstitution,0001752724-23-047901,0001752724-23-046876,2023-02-28,2023-02-28
2023-03-31,15.637597629,13.4788080711,2.1587895579,median_observed_overweight_ratio,2.09527710243,0.917522243336,101,1030,76,23,25,2,0.911676318782,0.222537760824,quarterly_rebalance,0001752724-23-124038,0001752724-23-123972,2023-05-30,2023-05-30
2023-06-30,14.7412369742,13.4742910626,1.26694591157,median_observed_overweight_ratio,2.19004487385,0.949848031689,101,1026,82,17,19,2,0.944705608746,0.241762760329,quarterly_rebalance,0001752724-23-198395,0001752724-23-196511,2023-08-29,2023-08-28
2023-09-30,19.893441376,18.4931785138,1.40026286217,median_observed_overweight_ratio,2.37730479089,0.947965166241,101,1102,84,15,17,2,0.942438820919,0.242600290743,special_rebalance,0001752724-23-269960,0001752724-23-267652,2023-11-28,2023-11-28
2023-12-31,22.9358480122,21.8162546554,1.11959335679,median_observed_overweight_ratio,2.24695409824,0.937251892628,101,1063,82,18,19,1,0.931887935696,0.246577173277,annual_reconstitution,0001752724-24-049569,0001752724-24-043338,2024-02-29,2024-02-27
2024-03-31,22.7760335961,21.2475683277,1.52846526834,median_observed_overweight_ratio,2.26780432226,0.923856107923,101,1044,81,19,20,1,0.91797933316,0.252414855074,quarterly_rebalance,0001752724-24-126831,0001752724-24-122750,2024-05-29,2024-05-28
2024-06-30,22.3369370786,20.8471867331,1.48975034552,median_observed_overweight_ratio,2.37450890086,0.93236922748,102,1005,82,18,20,2,0.920727517939,0.276730270038,quarterly_rebalance,0001752724-24-196011,0001752724-24-196587,2024-08-28,2024-08-28
2024-09-30,21.4666072447,20.5369349898,0.9296722549,median_observed_overweight_ratio,1.8801857882,0.932444161918,101,1056,81,18,20,2,0.927375572653,0.26349353097,quarterly_rebalance,0001752724-24-274837,0001752724-24-264685,2024-11-27,2024-11-25
2024-12-31,20.5042280848,19.5350384289,0.969189655876,median_observed_overweight_ratio,1.88210590416,0.937219077065,101,1103,81,18,20,2,0.932934915159,0.28778327552,annual_reconstitution,0001752724-25-039757,0001752724-25-043821,2025-02-26,2025-02-27
2025-03-31,21.2888741919,20.5022420088,0.786632183115,median_observed_overweight_ratio,1.83496607437,0.935490224918,101,1097,82,17,19,2,0.93070984466,0.260840978657,quarterly_rebalance,0001752724-25-127952,0001752724-25-125217,2025-05-29,2025-05-28
2025-06-30,21.3204348142,20.6158272962,0.70460751798,median_observed_overweight_ratio,1.88607424806,0.944312431886,101,1065,82,17,19,2,0.939061722721,0.283991800417,quarterly_rebalance,0001752724-25-211318,0001752724-25-211169,2025-08-28,2025-08-28
2025-09-30,20.7444344275,20.1361878278,0.608246599746,median_observed_overweight_ratio,1.80676032579,0.950278650189,101,1098,83,16,18,2,0.94494408562,0.29254324946,quarterly_rebalance,0001067839-25-000007,0001410368-25-031932,2025-11-19,2025-11-26
2025-12-31,22.8419353306,22.1189899611,0.72294536951,median_observed_overweight_ratio,1.91008870317,0.946861980389,101,1099,83,16,18,2,0.939511876445,0.294604397316,annual_reconstitution,0001067839-26-000016,0001410368-26-020054,2026-02-27,2026-02-26
2026-03-31,23.5766528901,23.0833614811,0.493291409061,median_observed_overweight_ratio,1.85992323739,0.946578747645,100,1080,83,15,17,2,0.93563906329,0.281194014045,quarterly_rebalance,0001067839-26-000024,0001410368-26-055355,2026-05-28,2026-05-28
